"LastAccessTime","Name"
"12/16/2021 6:00:35 PM","201609_oew.pdf"
"12/16/2021 6:00:35 PM","201610_oew.pdf"
"12/16/2021 6:00:35 PM","201611_oew.pdf"
"12/16/2021 6:00:35 PM","201612_oew.pdf"
"12/16/2021 6:00:35 PM","201702_oew.pdf"
"12/16/2021 6:00:35 PM","201703_oew.pdf"
"12/16/2021 6:00:35 PM","201704_oew.pdf"
"12/16/2021 6:00:35 PM","201705_oew.pdf"
"12/16/2021 6:00:35 PM","201707_01_oew.pdf"
"12/16/2021 6:00:35 PM","201707_02_oew.pdf"
"12/16/2021 6:00:35 PM","201708_oew.pdf"
"12/16/2021 6:00:35 PM","201709_oew.pdf"
"12/16/2021 6:00:35 PM","201710_oew.pdf"
"12/16/2021 6:00:35 PM","201711_oew.pdf"
"12/16/2021 6:00:35 PM","201712_oew.pdf"
"12/16/2021 6:00:35 PM","201801_oew.pdf"
"12/16/2021 6:00:35 PM","201802_oew.pdf"
"12/16/2021 6:00:35 PM","201803_oew.pdf"
"12/16/2021 6:00:35 PM","201804_oew.pdf"
"12/16/2021 6:00:35 PM","201805_oew.pdf"
"12/16/2021 6:00:35 PM","201806_oew.pdf"
"12/16/2021 6:00:35 PM","201807_oew.pdf"
"12/16/2021 6:00:35 PM","201808_oew.pdf"
"12/16/2021 6:00:35 PM","201809_oew.pdf"
"12/16/2021 6:00:35 PM","201810_oew.pdf"
"12/16/2021 6:00:35 PM","201811_oew.pdf"
"12/16/2021 6:00:35 PM","201812_oew.pdf"
"12/16/2021 6:00:36 PM","201901_oew.pdf"
"12/16/2021 6:00:36 PM","201902_oew.pdf"
"12/16/2021 6:00:36 PM","201903_oew.pdf"
"12/16/2021 6:00:36 PM","201904_oew.pdf"
"12/16/2021 6:00:36 PM","201905_oew.pdf"
"12/16/2021 6:00:36 PM","201906_oew.pdf"
"12/16/2021 6:00:36 PM","201907_oew.pdf"
"12/16/2021 6:00:36 PM","201908_oew.pdf"
"12/16/2021 6:00:36 PM","201909_oew.pdf"
"12/16/2021 6:00:36 PM","201910_oew.pdf"
"12/16/2021 6:00:36 PM","201911_oew.pdf"
"12/16/2021 6:00:36 PM","201912_oew.pdf"
"12/16/2021 6:00:36 PM","202001_oew.pdf"
"12/16/2021 6:00:36 PM","202002_oew.pdf"
"12/16/2021 6:00:36 PM","202003_oew.pdf"
"12/16/2021 6:00:36 PM","202004_oew.pdf"
"12/16/2021 6:00:36 PM","202005_oew.pdf"
"12/16/2021 6:00:36 PM","202006_oew.pdf"
"12/16/2021 6:00:36 PM","202007_oew.pdf"
"12/16/2021 6:00:36 PM","202008_oew.pdf"
"12/16/2021 6:00:36 PM","202009_oew.pdf"
"12/16/2021 6:00:36 PM","202010_oew.pdf"
"12/16/2021 6:00:36 PM","202011_oew.pdf"
"12/16/2021 6:00:36 PM","202012_oew.pdf"
"12/16/2021 6:00:36 PM","202101_oew.pdf"
"12/16/2021 6:00:36 PM","202102_oew.pdf"
"12/16/2021 6:00:36 PM","202103_oew.pdf"
"12/16/2021 6:00:36 PM","202104_oew.pdf"
"12/16/2021 6:00:36 PM","202105_oew.pdf"
"12/16/2021 6:00:36 PM","202106_oew.pdf"
"12/16/2021 6:00:36 PM","202110_oew.pdf"
"12/16/2021 6:00:36 PM","202111_oew.pdf"
